VTAS,Required Thrust,Required Power (kW),Total Torque,Available Power (kW),Drag,Lift,L/D Ratio,Climb Rate,Propeller Efficiency,J Value,Flight Path Angle,Pitch Angle,Elevator Deflection
77.1604938271605,686.172396547319,52.94540096815733,-2.4983884973350123e-06,-5.09718552737281e-07,686.172396547319,9423.461877854514,13.733373603006289,3.0303546427533723,-3879.109350491359,1.559263203365793,-2.250778700793081,-3.5369132356868174,-50.000000572912256
