VTAS,Required Thrust,Required Power (kW),Drag,Lift,L/D Ratio,Propeller Efficiency,J Value,CL,CD,Mach Number,Shaft Power (kW)
77.1604938271605,821.9449136708655,63.42167543756678,821.9449136708655,13341.817613275933,16.232009458748774,0.700105617152586,1.7082567057849658,0.7907288655529128,0.048714169835991784,0.22850274488026956,43.10558036635157
