VTAS,Altitude,Drag,Lift,CL,CD
53.20364920666591,762.0,-1065.721530381185,-11806.946375371761,1.2372224402289937,0.11167447962439578
