VTAS,Initial Altitude,Final Altitude,Drag,Lift,CL,CD
57.961071390841184,770.0,770.0,-1257.553992315376,-13457.625704690548,1.1891714931218444,0.11112267435122569
