VTAS,Drag,Lift,L/D Ratio,Propeller Efficiency,J Value,Sink Rate,CL,CD,dSink/dVTAS,Max L/D Ratio
41.1522633744856,991.3172734284594,10672.924845385201,10.766406610139066,0.8343954848622153,0.9530399170115216,1.560135500877423,1.9592615133059634,0.1819791490561823,[[-0.00872654]],26.358402421277834
46.2962962962963,863.7239487735374,11068.04553116143,12.814332110250884,0.8655524726847855,1.0721699066379617,1.5457180160548187,1.6053689111345946,0.12527917158088733,[[0.03791129]],29.934622475406453
51.440329218106996,787.3497963564295,11438.461712501958,14.527801703175676,0.8711626412609548,1.191299896264402,1.99742581780233,1.3438678153185142,0.09250317720297312,[[0.03338751]],25.733889164227314
56.584362139917694,749.0267427778831,11787.851462373743,15.737557538542145,0.8390383845942548,1.310429885890842,2.8536345906235123,1.144559078754733,0.07272787254004598,[[0.03882996]],19.803642684356237
61.7283950617284,725.2908223583823,11901.189112301943,16.408851105551836,-10.138687436321222,1.4295598754930694,1.348316277912757,0.9709945546262341,0.05917504817248928,[[0.05043151]],45.77091359490861
66.8724279835391,747.8309058760062,12290.213954316343,16.434482525056428,-5.597021151726136,1.5486898651240713,3.4261872090885426,0.854400844512997,0.05198830223040828,[[0.02184272]],19.49239677721056
72.0164609053498,782.7491401331363,12534.75591620757,16.013758781102663,-3881.5994831759635,1.559263209871245,3.8695904595786175,0.751361158272005,0.04691972500289331,[[0.05123468]],18.583988678030405
77.1604938271605,836.3256772076261,12775.958735265674,15.276296164818,-3881.4554190079766,1.559263209495106,4.334891298880558,0.6671137813884133,0.04366986435657135,[[0.05373203]],17.77175591530469
