VTAS,Required Thrust,Required Power (kW),Drag,Lift,L/D Ratio,Propeller Efficiency,J Value,CL,CD,Mach Number,Shaft Power (kW)
41.1522633744856,1659.2452156056438,68.2816961154586,1659.2452156056438,12942.040992505112,7.799956794078274,0.7640430202995885,0.7747842065053582,2.6966085599348255,0.3457209611702068,0.12186813060281045,98.5417796965991
46.2962962962963,1378.8213742180556,63.834322880465535,1378.8213742180556,13314.358829894276,9.656333357498895,0.7943105662409751,0.8505958816850842,2.1919485198700546,0.22699594542972523,0.13710164692816174,100.9788470211526
51.440329218106996,1161.1138548950973,59.728078955509126,1161.1138548950973,13504.2370712177,11.630415927159667,0.8197168216960321,0.9144717089488636,1.8007986865242578,0.15483527827401108,0.15233516325351304,104.3616410481812
56.584362139917694,1000.3878463426573,56.60630817782526,1000.3878463426573,13547.5452818373,13.542292953044267,0.8398581658620045,0.9683302771981636,1.4930362514256357,0.11024988579131317,0.16756867957886434,108.41274669692248
61.7283950617284,889.6740161895726,54.918149147504494,889.6740161895726,13472.180757009372,15.142828172851466,0.8540499410490905,1.0140531123907932,1.2475860808586487,0.08238791767414755,0.18280219590421568,112.93582208393319
66.8724279835391,872.3730631593082,58.337704840900244,872.3730631593082,13927.308432176686,15.964853822673973,2714.646023413967,1.4007850571935618,1.0989440971746323,0.06883521198383066,0.19803571222956698,0.16751529993748832
72.0164609053498,841.2539856388332,60.584134768228736,841.2539856388332,13843.72559293863,16.456059441342145,0.5958922020974602,1.6678188736858837,0.941872295373353,0.05723559146894614,0.21326922855491828,21.20267247061518
77.16049382716051,821.9449136514945,63.42167543607212,821.9449136514945,13341.817613296682,16.23200945915656,0.7001056176248022,1.7082567059950107,0.790728865554142,0.048714169834843696,0.22850274488026956,43.1055804604001
