VTAS,Required Thrust,Required Power (kW),Total Torque,Available Power (kW),Drag,Lift,L/D Ratio,Rate of Descent,Propeller Efficiency,J Value
41.1522633744856,1613.763185178029,66.41000762049504,450.00000446922803,98.5417748724187,1613.763185178029,12768.31923388455,7.912139371599284,-0.3681954526254252,0.76404302544253,0.7747842177134048
46.2962962962963,1302.954381701468,60.32196211580871,450.0000044679679,100.97884225611747,1302.954381701468,12940.940975316367,9.931998508203632,-1.3170954605944676,0.7943105705284013,0.8505958924850966
51.440329218107,1089.9514519005254,56.06746151751675,450.00000446602337,104.36163629476611,1089.9514519005254,13056.474866770199,11.978950845933458,-2.11021695320189,0.819716825654243,0.9144717190475702
56.584362139917694,949.3143547384445,53.716347233142436,450.0000044645754,108.41274190580583,949.3143547384445,13138.534729773917,13.840025344811995,-2.745059671830612,0.8398581691313226,0.9683302865863731
61.7283950617284,862.9580804471778,53.269017311554194,450.0000044635964,112.93581720673922,862.9580804471778,13200.050743274987,15.29628268436264,-3.2123371463418975,0.8540499433627028,1.014053121197576
66.8724279835391,823.7914070331765,55.088931540284435,13.741717064468553,2.7341555529562775,823.7914070331765,13320.320326555306,16.169530554497346,1.4618702262783216,13.739122636686307,1.385669878426163
72.0164609053498,807.6933637259827,58.167217552282715,341.61201593258187,88.35186355152207,807.6933637259827,13314.925801702993,16.485124676869578,-1.4130580161737076,0.8710104762082702,1.1480058481630606
77.1604938271605,821.5196748689726,63.388863801618264,-2.46086166279591e-06,-5.02062368019061e-07,821.5196748689726,13332.918255788949,16.229578747356804,4.32114914044347,-3879.129983436498,1.5592632034197307
