VTAS,Altitude,Drag,Lift,CL,CD
53.27082562236494,770.0,-1066.1171960892375,-11915.402485799532,1.246461058908638,0.11152569715893493
