VTAS,Altitude,Drag,Lift,CL,CD
39.56546190500665,770.0,-683.8235704537659,-8943.876575864642,1.6960637450331866,0.12967624899649913
