VTAS,Drag,Lift,CL,CD,V_h,Vy
76.8909,3.581135388230905e-12,1.8189894035458565e-12,0.7963418258274094,0.04858703546512169,76.8909,1.3338444931898508e-16
