VTAS,Initial Altitude,Final Altitude,Drag,Lift,CL,CD
37.46705573649207,770.0,770.0,-1174.7038769857306,-13145.973778927842,2.7799851934311093,0.24841517559704052
