VTAS,Initial Altitude,Final Altitude,Drag,Lift,CL,CD
66.69221224737713,770.0,770.0,-1702.0567359952124,-13466.39890379966,0.89877313318329,0.11359851110860121
