VTAS,Required Thrust,Required Power (kW),Drag,Lift,L/D Ratio,Propeller Efficiency,J Value,CL,CD,Mach Number
78.44521898783084,230.3859792041267,60.020875541461386,821.6409710893801,13347.66786328334,16.24513422886667,0.8591059540416766,1.2414096016161815,0.7653763217240092,0.04711418883593953,0.23230732428443335
