VTAS,Altitude,Drag,Lift,CL,CD
39.56546180533711,770.0,-683.8235670076872,-8943.876530143516,1.6960637449080278,0.1296762489963413
