VTAS,Initial Altitude,Final Altitude,Drag,Lift,CL,CD
40.8716755135697,770.0,770.0,-1025.864362964217,-12998.75666664438,2.309967046205972,0.18230304121356886
